restaurant,comments,videos,channels,authors,earliest,latest
*남양주맛집여행* 한우가 역대급으로 쌉니다!ㅣ뚜레한우 남양주점,7,1,1,7,2026-10-07 08:54:40+00:00,2026-10-07 14:43:13+00:00
12000원에 이게 다 무제한이라고?😳,179,1,1,175,2024-07-25 03:22:12+00:00,2026-09-28 12:12:45+00:00
1705만 조회수 남대문 과일 달인! 맛은? #남대문시장#맛집#시장투어,13,1,1,13,2026-10-07 11:19:51+00:00,2026-10-07 15:18:32+00:00
261007.연예인의맛집 주원#맛집,9,1,1,9,2026-10-07 11:02:30+00:00,2026-10-07 15:53:23+00:00
80년째 영업중인 전국 육회비빔밥 1황 #shorts #맛집,64,1,1,64,2026-10-04 12:45:15+00:00,2026-10-07 10:36:41+00:00
[먹어서 세계속으로] 맛집 찾으러 홍콩 현지인 따라 배 타고 섬까지 들어간 식신,40,1,1,40,2026-09-22 10:02:38+00:00,2026-10-02 13:42:30+00:00
경남 하동 맛집 best 11,28,1,1,28,2026-09-18 00:44:22+00:00,2026-10-07 01:57:39+00:00
계란 프라이를 할 때 절대로...을 넣지 마세요 기름 먹다 #영양식 #맛집 #제철음식 #food #자연드림 #삼겹살 #건강한중년,1,1,1,1,2026-10-07 09:37:48+00:00,2026-10-07 09:37:48+00:00
광주 맛집 모음,166,1,1,147,2025-10-03 08:33:24+00:00,2026-10-03 18:22:07+00:00
구워먹는 국밥?? #맛집,1,1,1,1,2026-10-07 11:55:00+00:00,2026-10-07 11:55:00+00:00
껍데기를 이렇게 자르는 이유?! 센스 대박!! #맛집 #kfood #음식 #맛집공유 #맛집추천 #맛집탐방 #koreanfood #seoulfood #foodie #제주여행 #제주도,1,1,1,1,2026-10-04 21:33:14+00:00,2026-10-04 21:33:14+00:00
나고야 6박 25끼 진심맛집 족보정리,57,1,1,57,2025-06-14 12:03:47+00:00,2026-10-02 09:16:26+00:00
대구 맛집 로드,73,1,1,73,2026-09-30 11:11:39+00:00,2026-10-07 13:19:57+00:00
대체 얼마나 맛있길래?! 골목 전체를 줄 세운 대박 맛집 Korean street food,23,1,1,23,2026-10-05 09:43:41+00:00,2026-10-07 11:26:36+00:00
돈까스 좋아하세요? 강남 돈까스 1티어 맛집 | 인기 맛집 | 곽범 [EN],202,1,1,197,2026-04-17 09:02:42+00:00,2026-10-07 09:59:23+00:00
또간집 EP.19 전라도,477,1,1,458,2023-08-11 14:39:41+00:00,2026-09-27 00:15:57+00:00
또간집 EP.37 합정,474,1,1,462,2023-10-06 09:30:04+00:00,2026-06-27 14:16:00+00:00
또간집 EP.98 김해,482,1,1,445,2026-04-10 09:36:51+00:00,2026-09-20 13:12:17+00:00
라이브 켰다가 새벽 5시 첫차 타고 경상도 당일치기 여행 다녀온 이유 | 인기 맛집 | 곽범,145,1,1,137,2026-10-02 09:00:37+00:00,2026-10-07 10:18:39+00:00
맛집 웨이팅 전국 1위 맛있어서가 아니다!,491,1,1,483,2026-09-07 12:47:19+00:00,2026-10-07 10:54:34+00:00
맛집 추천에 월급 걸고 삭발 공약..? 풍자도 기겁한 구리인들 맛부심🔥| 또간집 EP.109,486,1,1,444,2026-09-18 09:35:04+00:00,2026-10-07 15:09:07+00:00
부산 여행 맛집 12곳,496,1,1,486,2026-10-03 09:26:55+00:00,2026-10-07 12:55:16+00:00
삿포로 스프카레 맛집,459,1,1,451,2025-10-16 14:53:06+00:00,2026-09-14 12:52:33+00:00
서울 노포 맛집 모음,14,1,1,12,2026-09-22 06:29:48+00:00,2026-09-30 10:09:50+00:00
서울 삼겹살 맛집 1탄,492,1,1,487,2026-09-19 09:16:22+00:00,2026-10-07 11:07:39+00:00
서울 종로 난폭한 맛의 길거리음식 TOP 7,19,1,1,19,2026-10-03 11:28:30+00:00,2026-10-07 06:06:42+00:00
약수동 연예인·로컬 맛집,242,1,1,237,2026-09-25 08:30:37+00:00,2026-10-05 03:31:26+00:00
여수여행 가면 막걸리는 여기서 꼭 드세요 #맛집 #막걸리,1,1,1,1,2026-10-07 12:01:48+00:00,2026-10-07 12:01:48+00:00
인적 드문 작은 시골마을 사람 몰려드는 맛집? 수조 가득 쏟아지길래 잡어인 줄 알았더니｜킬로 당 15만 원 고급 물고기｜남부럽지 않은 부자｜한탄강 쏘가리 어부｜한국기행｜#골라듄다큐,4,1,1,4,2026-10-06 02:58:26+00:00,2026-10-07 01:28:40+00:00
인천 찐맛집,487,1,1,471,2026-07-24 09:31:10+00:00,2026-10-02 12:46:03+00:00
전국에서 돈 제일 잘 버는 미친매출 맛집TOP10,479,1,1,469,2026-08-14 04:31:55+00:00,2026-10-07 15:08:13+00:00
전라도 사장님의 손맛 송파구 석촌 안주맛집 #해질녘 #송파맛집 #맛집,2,1,1,2,2026-10-07 08:29:13+00:00,2026-10-07 09:58:04+00:00
전주맛집 제일 많이 가는 곳들 리스트!!(반박가능?),124,1,1,123,2025-02-01 23:52:09+00:00,2026-10-05 20:32:48+00:00
지방에 일본인이 운영하는 숨겨진 라멘 맛집!,41,1,1,41,2026-10-07 12:16:24+00:00,2026-10-07 15:54:30+00:00
진도 꽃게탕,66,1,1,61,2026-09-23 07:14:21+00:00,2026-10-07 09:30:24+00:00
참치에 간장게장을?! #안산맛집 #단원구 #참치맛집 #무한리필 #가성비맛집 #무한리필맛집,1,1,1,1,2026-10-06 14:23:36+00:00,2026-10-06 14:23:36+00:00
청주 방어 첫개시 떳다 ! #청주맛집 #맛집,1,1,1,1,2026-10-07 11:42:09+00:00,2026-10-07 11:42:09+00:00
평양냉면 vs 함흥냉면,215,1,1,211,2026-06-12 09:00:33+00:00,2026-09-26 10:29:29+00:00
회식으로 1등 찍은 역대급 냉동삼겹살 맛집 (신당동 맛집) #shorts #냉동삼겹살 #회식 #맛집 #냉삼,8,1,1,8,2026-10-07 09:00:38+00:00,2026-10-07 14:06:44+00:00
