restaurant,all_comments,unique_authors,visit_claims,auto_visit_claims,positive,negative,mixed,taste_unknown,taste_evidence_n,evidence_channels,positive_rate,wilson_low,wilson_high,automatic_positive_experiences,automatic_negative_experiences,automatic_scored_comments,positive_share_all_comments,negative_share_all_comments,net_score,reviewed_comments,verdict
*남양주맛집여행* 한우가 역대급으로 쌉니다!ㅣ뚜레한우 남양주점,7,7,0,1,0,0,0,0,0,0,,,,0,0,0,0.0,0.0,0.0,0,근거 부족: 판단 유보
12000원에 이게 다 무제한이라고?😳,179,175,0,2,0,0,0,0,0,0,,,,0,0,0,0.0,0.0,0.0,0,근거 부족: 판단 유보
1705만 조회수 남대문 과일 달인! 맛은? #남대문시장#맛집#시장투어,13,13,0,0,0,0,0,0,0,0,,,,0,0,0,0.0,0.0,0.0,0,근거 부족: 판단 유보
261007.연예인의맛집 주원#맛집,9,9,0,0,0,0,0,0,0,0,,,,0,0,0,0.0,0.0,0.0,0,근거 부족: 판단 유보
80년째 영업중인 전국 육회비빔밥 1황 #shorts #맛집,64,64,0,7,0,0,0,0,0,0,,,,0,1,1,0.0,0.015625,-1.5625,0,근거 부족: 판단 유보
[먹어서 세계속으로] 맛집 찾으러 홍콩 현지인 따라 배 타고 섬까지 들어간 식신,40,40,0,2,0,0,0,0,0,0,,,,0,0,0,0.0,0.0,0.0,0,근거 부족: 판단 유보
경남 하동 맛집 best 11,28,28,0,4,0,0,0,0,0,0,,,,1,0,1,0.03571428571428571,0.0,3.5714285714285716,0,근거 부족: 판단 유보
계란 프라이를 할 때 절대로...을 넣지 마세요 기름 먹다 #영양식 #맛집 #제철음식 #food #자연드림 #삼겹살 #건강한중년,1,1,0,0,0,0,0,0,0,0,,,,0,0,0,0.0,0.0,0.0,0,근거 부족: 판단 유보
광주 맛집 모음,166,147,0,3,0,0,0,0,0,0,,,,1,0,1,0.006024096385542169,0.0,0.6024096385542169,0,근거 부족: 판단 유보
구워먹는 국밥?? #맛집,1,1,0,0,0,0,0,0,0,0,,,,0,0,0,0.0,0.0,0.0,0,근거 부족: 판단 유보
껍데기를 이렇게 자르는 이유?! 센스 대박!! #맛집 #kfood #음식 #맛집공유 #맛집추천 #맛집탐방 #koreanfood #seoulfood #foodie #제주여행 #제주도,1,1,0,0,0,0,0,0,0,0,,,,0,0,0,0.0,0.0,0.0,0,근거 부족: 판단 유보
나고야 6박 25끼 진심맛집 족보정리,57,57,0,3,0,0,0,0,0,0,,,,0,0,0,0.0,0.0,0.0,0,근거 부족: 판단 유보
대구 맛집 로드,73,73,0,8,0,0,0,0,0,0,,,,2,1,3,0.0273972602739726,0.0136986301369863,1.36986301369863,0,근거 부족: 판단 유보
대체 얼마나 맛있길래?! 골목 전체를 줄 세운 대박 맛집 Korean street food,23,23,0,0,0,0,0,0,0,0,,,,0,0,0,0.0,0.0,0.0,0,근거 부족: 판단 유보
돈까스 좋아하세요? 강남 돈까스 1티어 맛집 | 인기 맛집 | 곽범 [EN],202,197,0,11,0,0,0,0,0,0,,,,4,0,4,0.019801980198019802,0.0,1.9801980198019802,0,근거 부족: 판단 유보
또간집 EP.19 전라도,477,458,0,20,0,0,0,0,0,0,,,,4,2,6,0.008385744234800839,0.0041928721174004195,0.4192872117400419,0,근거 부족: 판단 유보
또간집 EP.37 합정,474,462,0,13,0,0,0,0,0,0,,,,4,0,4,0.008438818565400843,0.0,0.8438818565400844,0,근거 부족: 판단 유보
또간집 EP.98 김해,482,445,0,23,0,0,0,0,0,0,,,,3,0,3,0.006224066390041493,0.0,0.6224066390041494,0,근거 부족: 판단 유보
라이브 켰다가 새벽 5시 첫차 타고 경상도 당일치기 여행 다녀온 이유 | 인기 맛집 | 곽범,145,137,0,3,0,0,0,0,0,0,,,,0,0,0,0.0,0.0,0.0,0,근거 부족: 판단 유보
맛집 웨이팅 전국 1위 맛있어서가 아니다!,491,483,0,63,0,0,0,0,0,0,,,,24,5,29,0.048879837067209775,0.010183299389002037,3.869653767820774,0,근거 부족: 판단 유보
맛집 추천에 월급 걸고 삭발 공약..? 풍자도 기겁한 구리인들 맛부심🔥| 또간집 EP.109,486,444,0,26,0,0,0,0,0,0,,,,4,4,8,0.00823045267489712,0.00823045267489712,0.0,0,근거 부족: 판단 유보
부산 여행 맛집 12곳,496,486,0,38,0,0,0,0,0,0,,,,10,2,12,0.020161290322580645,0.004032258064516129,1.6129032258064515,0,근거 부족: 판단 유보
삿포로 스프카레 맛집,459,451,0,41,0,0,0,0,0,0,,,,20,3,23,0.04357298474945534,0.006535947712418301,3.7037037037037037,0,근거 부족: 판단 유보
서울 노포 맛집 모음,14,12,0,0,0,0,0,0,0,0,,,,0,0,0,0.0,0.0,0.0,0,근거 부족: 판단 유보
서울 삼겹살 맛집 1탄,492,487,0,32,0,0,0,0,0,0,,,,9,2,11,0.018292682926829267,0.0040650406504065045,1.4227642276422765,0,근거 부족: 판단 유보
서울 종로 난폭한 맛의 길거리음식 TOP 7,19,19,0,1,0,0,0,0,0,0,,,,1,0,1,0.05263157894736842,0.0,5.2631578947368425,0,근거 부족: 판단 유보
약수동 연예인·로컬 맛집,242,237,0,7,0,0,0,0,0,0,,,,3,0,3,0.012396694214876033,0.0,1.2396694214876034,0,근거 부족: 판단 유보
여수여행 가면 막걸리는 여기서 꼭 드세요 #맛집 #막걸리,1,1,0,0,0,0,0,0,0,0,,,,0,0,0,0.0,0.0,0.0,0,근거 부족: 판단 유보
인적 드문 작은 시골마을 사람 몰려드는 맛집? 수조 가득 쏟아지길래 잡어인 줄 알았더니｜킬로 당 15만 원 고급 물고기｜남부럽지 않은 부자｜한탄강 쏘가리 어부｜한국기행｜#골라듄다큐,4,4,0,0,0,0,0,0,0,0,,,,0,0,0,0.0,0.0,0.0,0,근거 부족: 판단 유보
인천 찐맛집,487,471,0,37,0,0,0,0,0,0,,,,15,0,15,0.030800821355236138,0.0,3.080082135523614,0,근거 부족: 판단 유보
전국에서 돈 제일 잘 버는 미친매출 맛집TOP10,479,469,0,24,0,0,0,0,0,0,,,,9,3,12,0.018789144050104383,0.006263048016701462,1.2526096033402923,0,근거 부족: 판단 유보
전라도 사장님의 손맛 송파구 석촌 안주맛집 #해질녘 #송파맛집 #맛집,2,2,0,1,0,0,0,0,0,0,,,,1,0,1,0.5,0.0,50.0,0,근거 부족: 판단 유보
전주맛집 제일 많이 가는 곳들 리스트!!(반박가능?),124,123,0,6,0,0,0,0,0,0,,,,0,0,0,0.0,0.0,0.0,0,근거 부족: 판단 유보
지방에 일본인이 운영하는 숨겨진 라멘 맛집!,41,41,0,1,0,0,0,0,0,0,,,,0,0,0,0.0,0.0,0.0,0,근거 부족: 판단 유보
진도 꽃게탕,66,61,0,1,0,0,0,0,0,0,,,,0,0,0,0.0,0.0,0.0,0,근거 부족: 판단 유보
참치에 간장게장을?! #안산맛집 #단원구 #참치맛집 #무한리필 #가성비맛집 #무한리필맛집,1,1,0,0,0,0,0,0,0,0,,,,0,0,0,0.0,0.0,0.0,0,근거 부족: 판단 유보
청주 방어 첫개시 떳다 ! #청주맛집 #맛집,1,1,0,0,0,0,0,0,0,0,,,,0,0,0,0.0,0.0,0.0,0,근거 부족: 판단 유보
평양냉면 vs 함흥냉면,215,211,0,6,0,0,0,0,0,0,,,,1,0,1,0.004651162790697674,0.0,0.46511627906976744,0,근거 부족: 판단 유보
회식으로 1등 찍은 역대급 냉동삼겹살 맛집 (신당동 맛집) #shorts #냉동삼겹살 #회식 #맛집 #냉삼,8,8,0,0,0,0,0,0,0,0,,,,0,0,0,0.0,0.0,0.0,0,근거 부족: 판단 유보
