restaurant,긍정,중립,부정,전체 댓글
*남양주맛집여행* 한우가 역대급으로 쌉니다!ㅣ뚜레한우 남양주점,2,5,0,7
12000원에 이게 다 무제한이라고?😳,13,155,11,179
1705만 조회수 남대문 과일 달인! 맛은? #남대문시장#맛집#시장투어,5,8,0,13
261007.연예인의맛집 주원#맛집,7,2,0,9
80년째 영업중인 전국 육회비빔밥 1황 #shorts #맛집,21,40,3,64
[먹어서 세계속으로] 맛집 찾으러 홍콩 현지인 따라 배 타고 섬까지 들어간 식신,10,29,1,40
경남 하동 맛집 best 11,12,15,1,28
계란 프라이를 할 때 절대로...을 넣지 마세요 기름 먹다 #영양식 #맛집 #제철음식 #food #자연드림 #삼겹살 #건강한중년,0,1,0,1
광주 맛집 모음,42,122,2,166
구워먹는 국밥?? #맛집,0,1,0,1
껍데기를 이렇게 자르는 이유?! 센스 대박!! #맛집 #kfood #음식 #맛집공유 #맛집추천 #맛집탐방 #koreanfood #seoulfood #foodie #제주여행 #제주도,0,1,0,1
나고야 6박 25끼 진심맛집 족보정리,10,47,0,57
대구 맛집 로드,19,49,5,73
대체 얼마나 맛있길래?! 골목 전체를 줄 세운 대박 맛집 Korean street food,3,20,0,23
돈까스 좋아하세요? 강남 돈까스 1티어 맛집 | 인기 맛집 | 곽범 [EN],31,165,6,202
또간집 EP.19 전라도,106,353,18,477
또간집 EP.37 합정,62,404,8,474
또간집 EP.98 김해,65,404,13,482
라이브 켰다가 새벽 5시 첫차 타고 경상도 당일치기 여행 다녀온 이유 | 인기 맛집 | 곽범,16,128,1,145
맛집 웨이팅 전국 1위 맛있어서가 아니다!,131,333,27,491
맛집 추천에 월급 걸고 삭발 공약..? 풍자도 기겁한 구리인들 맛부심🔥| 또간집 EP.109,96,373,17,486
부산 여행 맛집 12곳,119,362,15,496
삿포로 스프카레 맛집,130,319,10,459
서울 노포 맛집 모음,1,13,0,14
서울 삼겹살 맛집 1탄,182,303,7,492
서울 종로 난폭한 맛의 길거리음식 TOP 7,5,14,0,19
약수동 연예인·로컬 맛집,21,213,8,242
여수여행 가면 막걸리는 여기서 꼭 드세요 #맛집 #막걸리,0,1,0,1
인적 드문 작은 시골마을 사람 몰려드는 맛집? 수조 가득 쏟아지길래 잡어인 줄 알았더니｜킬로 당 15만 원 고급 물고기｜남부럽지 않은 부자｜한탄강 쏘가리 어부｜한국기행｜#골라듄다큐,0,4,0,4
인천 찐맛집,153,321,13,487
전국에서 돈 제일 잘 버는 미친매출 맛집TOP10,52,387,40,479
전라도 사장님의 손맛 송파구 석촌 안주맛집 #해질녘 #송파맛집 #맛집,1,1,0,2
전주맛집 제일 많이 가는 곳들 리스트!!(반박가능?),17,102,5,124
지방에 일본인이 운영하는 숨겨진 라멘 맛집!,9,31,1,41
진도 꽃게탕,23,42,1,66
참치에 간장게장을?! #안산맛집 #단원구 #참치맛집 #무한리필 #가성비맛집 #무한리필맛집,0,1,0,1
청주 방어 첫개시 떳다 ! #청주맛집 #맛집,0,1,0,1
평양냉면 vs 함흥냉면,28,181,6,215
회식으로 1등 찍은 역대급 냉동삼겹살 맛집 (신당동 맛집) #shorts #냉동삼겹살 #회식 #맛집 #냉삼,2,6,0,8
