restaurant,긍정,중립,부정
*남양주맛집여행* 한우가 역대급으로 쌉니다!ㅣ뚜레한우 남양주점,28.57142857142857,71.42857142857143,0.0
12000원에 이게 다 무제한이라고?😳,7.262569832402235,86.59217877094973,6.145251396648044
1705만 조회수 남대문 과일 달인! 맛은? #남대문시장#맛집#시장투어,38.46153846153847,61.53846153846154,0.0
261007.연예인의맛집 주원#맛집,77.77777777777779,22.22222222222222,0.0
80년째 영업중인 전국 육회비빔밥 1황 #shorts #맛집,32.8125,62.5,4.6875
[먹어서 세계속으로] 맛집 찾으러 홍콩 현지인 따라 배 타고 섬까지 들어간 식신,25.0,72.5,2.5
경남 하동 맛집 best 11,42.857142857142854,53.57142857142857,3.571428571428571
계란 프라이를 할 때 절대로...을 넣지 마세요 기름 먹다 #영양식 #맛집 #제철음식 #food #자연드림 #삼겹살 #건강한중년,0.0,100.0,0.0
광주 맛집 모음,25.301204819277107,73.49397590361446,1.2048192771084338
구워먹는 국밥?? #맛집,0.0,100.0,0.0
껍데기를 이렇게 자르는 이유?! 센스 대박!! #맛집 #kfood #음식 #맛집공유 #맛집추천 #맛집탐방 #koreanfood #seoulfood #foodie #제주여행 #제주도,0.0,100.0,0.0
나고야 6박 25끼 진심맛집 족보정리,17.543859649122805,82.45614035087719,0.0
대구 맛집 로드,26.027397260273972,67.12328767123287,6.8493150684931505
대체 얼마나 맛있길래?! 골목 전체를 줄 세운 대박 맛집 Korean street food,13.043478260869565,86.95652173913044,0.0
돈까스 좋아하세요? 강남 돈까스 1티어 맛집 | 인기 맛집 | 곽범 [EN],15.346534653465346,81.68316831683168,2.9702970297029703
또간집 EP.19 전라도,22.22222222222222,74.0041928721174,3.7735849056603774
또간집 EP.37 합정,13.080168776371309,85.23206751054853,1.6877637130801686
또간집 EP.98 김해,13.485477178423237,83.81742738589212,2.6970954356846475
라이브 켰다가 새벽 5시 첫차 타고 경상도 당일치기 여행 다녀온 이유 | 인기 맛집 | 곽범,11.03448275862069,88.27586206896552,0.6896551724137931
맛집 웨이팅 전국 1위 맛있어서가 아니다!,26.680244399185337,67.82077393075356,5.4989816700611
맛집 추천에 월급 걸고 삭발 공약..? 풍자도 기겁한 구리인들 맛부심🔥| 또간집 EP.109,19.753086419753085,76.74897119341564,3.4979423868312756
부산 여행 맛집 12곳,23.991935483870968,72.98387096774194,3.024193548387097
삿포로 스프카레 맛집,28.322440087145967,69.49891067538127,2.178649237472767
서울 노포 맛집 모음,7.142857142857142,92.85714285714286,0.0
서울 삼겹살 맛집 1탄,36.99186991869919,61.58536585365854,1.4227642276422763
서울 종로 난폭한 맛의 길거리음식 TOP 7,26.31578947368421,73.68421052631578,0.0
약수동 연예인·로컬 맛집,8.677685950413224,88.01652892561982,3.3057851239669422
여수여행 가면 막걸리는 여기서 꼭 드세요 #맛집 #막걸리,0.0,100.0,0.0
인적 드문 작은 시골마을 사람 몰려드는 맛집? 수조 가득 쏟아지길래 잡어인 줄 알았더니｜킬로 당 15만 원 고급 물고기｜남부럽지 않은 부자｜한탄강 쏘가리 어부｜한국기행｜#골라듄다큐,0.0,100.0,0.0
인천 찐맛집,31.416837782340863,65.91375770020534,2.6694045174537986
전국에서 돈 제일 잘 버는 미친매출 맛집TOP10,10.855949895615867,80.79331941544885,8.350730688935283
전라도 사장님의 손맛 송파구 석촌 안주맛집 #해질녘 #송파맛집 #맛집,50.0,50.0,0.0
전주맛집 제일 많이 가는 곳들 리스트!!(반박가능?),13.709677419354838,82.25806451612904,4.032258064516129
지방에 일본인이 운영하는 숨겨진 라멘 맛집!,21.951219512195124,75.60975609756098,2.4390243902439024
진도 꽃게탕,34.84848484848485,63.63636363636363,1.5151515151515151
참치에 간장게장을?! #안산맛집 #단원구 #참치맛집 #무한리필 #가성비맛집 #무한리필맛집,0.0,100.0,0.0
청주 방어 첫개시 떳다 ! #청주맛집 #맛집,0.0,100.0,0.0
평양냉면 vs 함흥냉면,13.023255813953488,84.18604651162791,2.7906976744186047
회식으로 1등 찍은 역대급 냉동삼겹살 맛집 (신당동 맛집) #shorts #냉동삼겹살 #회식 #맛집 #냉삼,25.0,75.0,0.0
